<?xml version="1.0" encoding="UTF-8"?>
<rss version="2.0">
  <channel>
    <title>Latest  gigs on fiverr.com</title>
    <description>Fiverr is a place for people to share things they’re willing to do for $5: Funny and Bizarre, Social Marketing, Graphics, Advertising, Technology, Business, Programming and more!</description>
    <link>http://fiverr.com/</link>
    <item>
      <title>argceo will ping your website every 3 days for a month for $5</title>
      <guid>http://fiverr.com/argceo/ping-your-website-every-3-days-for-a-month</guid>
      <pubDate>Wed, 23 Oct 2013 04:49:30 +0800</pubDate>
      <link>http://fiverr.com/argceo/ping-your-website-every-3-days-for-a-month</link>
      <description>I will&amp;nbsp;&lt;span&gt;ping your &amp;nbsp;blog or website 3 times a day for 1 month for $5.00 .Pinging &amp;nbsp;allows users to get their blog post URL pinged to the search engines &amp;nbsp;Pinging was and still is one of the secret tricks that many used to get their blog ranked fast in the search engines because your site and page(s) get indexed faster.&amp;nbsp;&lt;br&gt;&lt;br&gt;Let's start this gig today!&amp;nbsp;&lt;br&gt;All I need is:&lt;br&gt;&lt;/span&gt;&lt;span&gt;1) Blog post URL&lt;br&gt;&amp;nbsp;2) Title (Keyword) and then you get to pick up to 3 categories&amp;nbsp;&lt;/span&gt;&lt;br/&gt;&lt;img alt="argceo I will ping your website every 3 days for a month for $5 on fiverr.com" src="http://cdn1.fiverrcdn.com/photos/2226533/small/seo1.jpg?1382474972" /&gt;</description>
      <rating>0</rating>
      <votes>0</votes>
      <days_on_average></days_on_average>
      <orders_in_queue>0</orders_in_queue>
    </item>
    <item>
      <title>zmr00056ggf will provide you 100 real fb LIKES from Manchester to your fanpage or possibly photo for $5</title>
      <guid>http://fiverr.com/zmr00056ggf/provide-you-100-real-fb-likes-from-manchester-to-your-fanpage-or-possibly-photo</guid>
      <pubDate>Wed, 23 Oct 2013 04:47:49 +0800</pubDate>
      <link>http://fiverr.com/zmr00056ggf/provide-you-100-real-fb-likes-from-manchester-to-your-fanpage-or-possibly-photo</link>
      <description>I will provide you 100 real fb LIKES from Manchester to your fanpage or possibly photo on 12 hours. Let me know which platform to use and I will make it happen! I show you a
 screenshot of your published review when I deliver so you can make sure
 it's there!
ALL send from Manchester based yahoo IP's............Unmatchable
Quality of Facebook likes 100% Customer Satisfaction. Don't get
miss this chance. 

&lt;p&gt;kindly order now. Thanks :) &lt;/p&gt;

&lt;br&gt;&lt;br&gt;&lt;br&gt;&lt;br&gt;&lt;br/&gt;&lt;img alt="zmr00056ggf I will provide you 100 real fb LIKES from Manchester to your fanpage or possibly photo for $5 on fiverr.com" src="http://cdn2.fiverrcdn.com/photos/2226528/small/1847254386_1362231231.jpg?1382474877" /&gt;</description>
      <rating>0</rating>
      <votes>0</votes>
      <days_on_average></days_on_average>
      <orders_in_queue>0</orders_in_queue>
    </item>
    <item>
      <title>zanderx will hold your message up dressed as AWESOMO for $5</title>
      <guid>http://fiverr.com/zanderx/hold-your-message-up-dressed-as-awesomo</guid>
      <pubDate>Wed, 23 Oct 2013 04:47:44 +0800</pubDate>
      <link>http://fiverr.com/zanderx/hold-your-message-up-dressed-as-awesomo</link>
      <description>For 5 bucks, I will take a picture of me holding your message on a sign as awesome-O your best robot friend! Your message can be anything you want (up to 10 words).&lt;br/&gt;&lt;img alt="zanderx I will hold your message up dressed as AWESOMO for $5 on fiverr.com" src="http://cdn0.fiverrcdn.com/photos/2226527/small/awesomo.jpg?1382474866" /&gt;</description>
      <rating>0</rating>
      <votes>0</votes>
      <days_on_average></days_on_average>
      <orders_in_queue>0</orders_in_queue>
    </item>
    <item>
      <title>beatnomics will tell you what plugins are necessary for your track for $5</title>
      <guid>http://fiverr.com/beatnomics/tell-you-what-plugins-are-necessary-for-your-track</guid>
      <pubDate>Wed, 23 Oct 2013 04:46:29 +0800</pubDate>
      <link>http://fiverr.com/beatnomics/tell-you-what-plugins-are-necessary-for-your-track</link>
      <description>Do you want to add an effect on your main melody, just not sure what? I will suggest and/or add effects/plugins in your sounds.With this gig I will tell you what plugins I think are necessary for your track (reverb, vari-fi, .etc) and I can also add those plugins for you. &amp;nbsp;&lt;br/&gt;&lt;img alt="beatnomics I will tell you what plugins are necessary for your track for $5 on fiverr.com" src="http://cdn0.fiverrcdn.com/photos/2226525/small/AdviceSounds.jpg?1382474792" /&gt;</description>
      <rating>0</rating>
      <votes>0</votes>
      <days_on_average></days_on_average>
      <orders_in_queue>0</orders_in_queue>
    </item>
    <item>
      <title>twitterfollow_ will get you 200 more YouTube subscribers for $5</title>
      <guid>http://fiverr.com/twitterfollow_/get-you-200-more-youtube-subscribers</guid>
      <pubDate>Wed, 23 Oct 2013 04:45:13 +0800</pubDate>
      <link>http://fiverr.com/twitterfollow_/get-you-200-more-youtube-subscribers</link>
      <description>I will add 200+ YouTube subscribers to your channel. &amp;nbsp;Everyone has to start somewhere!&lt;br&gt;&lt;br&gt;&lt;ul&gt;&lt;li&gt;Help boost your audience.&lt;/li&gt;&lt;li&gt;Order more than once, or use an extra!&lt;/li&gt;&lt;/ul&gt;&lt;br&gt;Any questions, just send a message!&lt;br/&gt;&lt;img alt="twitterfollow_ I will get you 200 more YouTube subscribers for $5 on fiverr.com" src="http://cdn2.fiverrcdn.com/photos/2226524/small/youtube-logo-jpeg.jpg?1382474717" /&gt;</description>
      <rating>0</rating>
      <votes>0</votes>
      <days_on_average></days_on_average>
      <orders_in_queue>0</orders_in_queue>
    </item>
    <item>
      <title>ravi93 will upload upto 30 products to your eCommerce website for $5</title>
      <guid>http://fiverr.com/ravi93/upload-upto-30-products-to-your-ecommerce-website</guid>
      <pubDate>Wed, 23 Oct 2013 04:44:04 +0800</pubDate>
      <link>http://fiverr.com/ravi93/upload-upto-30-products-to-your-ecommerce-website</link>
      <description>&lt;div&gt;Want to upload products to your eCommerce store but don't have time to do and looking for someone to do ......THEN I AM YOUR MAN.&lt;/div&gt;&lt;div&gt;I will upload upto 30 products to any eCommerce store like wordpress woostore, opencart , magento etc.&lt;/div&gt;&lt;div&gt;30 products for one gig and if you want more please see the best offers in extras&lt;br&gt;&lt;u&gt;Must messageme before order&lt;/u&gt;&lt;br&gt;&lt;/div&gt;&lt;br/&gt;&lt;img alt="ravi93 I will upload upto 30 products to your eCommerce website for $5 on fiverr.com" src="http://cdn1.fiverrcdn.com/photos/2226522/small/img.jpg?1382474648" /&gt;</description>
      <rating>0</rating>
      <votes>0</votes>
      <days_on_average></days_on_average>
      <orders_in_queue>0</orders_in_queue>
    </item>
    <item>
      <title>snschoch will sing one of my original songs to you for $5</title>
      <guid>http://fiverr.com/snschoch/sing-one-of-my-original-songs-to-you</guid>
      <pubDate>Wed, 23 Oct 2013 04:43:39 +0800</pubDate>
      <link>http://fiverr.com/snschoch/sing-one-of-my-original-songs-to-you</link>
      <description>I will sing one of my original and personal songs to you! I've been writing them since I was thirteen and you'll be one of the few to hear them.&amp;nbsp;&lt;br/&gt;&lt;img alt="snschoch I will sing one of my original songs to you for $5 on fiverr.com" src="http://cdn0.fiverrcdn.com/photos/2226521/small/image.jpg?1382474625" /&gt;</description>
      <rating>0</rating>
      <votes>0</votes>
      <days_on_average></days_on_average>
      <orders_in_queue>0</orders_in_queue>
    </item>
    <item>
      <title>amuhinamori855 will be making anime  backgrounds for $5</title>
      <guid>http://fiverr.com/amuhinamori855/be-making-anime-backgrounds</guid>
      <pubDate>Wed, 23 Oct 2013 04:41:38 +0800</pubDate>
      <link>http://fiverr.com/amuhinamori855/be-making-anime-backgrounds</link>
      <description>I will be able to do backgrounds in two to five days depending on if i am busy. I will use anime backgrounds or any other backgrounds you prefer. &lt;br&gt;&lt;br/&gt;&lt;img alt="amuhinamori855 I will be making anime  backgrounds for $5 on fiverr.com" src="http://cdn2.fiverrcdn.com/photos/2226520/small/563745.jpg?1382474502" /&gt;</description>
      <rating>0</rating>
      <votes>0</votes>
      <days_on_average></days_on_average>
      <orders_in_queue>0</orders_in_queue>
    </item>
    <item>
      <title>cyrisse will exercise your telepathy for 5 minutes for $5</title>
      <guid>http://fiverr.com/cyrisse/exercise-your-telepathy-for-5-minutes</guid>
      <pubDate>Wed, 23 Oct 2013 04:40:57 +0800</pubDate>
      <link>http://fiverr.com/cyrisse/exercise-your-telepathy-for-5-minutes</link>
      <description>In this meeting I will  project a simple symbol to you for 5 minutes. This is a training for your telepathy growth.&lt;b&gt;&lt;/b&gt; &lt;br&gt;&lt;br&gt;We will meet each other on a telepathic classroom. The resolution will be posted after the transmission.&lt;br&gt;&lt;br&gt;I will add you to my weekly telepathy group. &lt;br&gt;&lt;br&gt;&lt;br&gt;&lt;br/&gt;&lt;img alt="cyrisse I will exercise your telepathy for 5 minutes for $5 on fiverr.com" src="http://cdn0.fiverrcdn.com/photos/2226517/small/IMG_0222_fivvr.jpg?1382474461" /&gt;</description>
      <rating>0</rating>
      <votes>0</votes>
      <days_on_average></days_on_average>
      <orders_in_queue>0</orders_in_queue>
    </item>
    <item>
      <title>zmr00056ggf will give you 300 Asian Facebook likes in 15 hours for $5</title>
      <guid>http://fiverr.com/zmr00056ggf/give-you-300-asian-facebook-likes-in-15-hours</guid>
      <pubDate>Wed, 23 Oct 2013 04:40:13 +0800</pubDate>
      <link>http://fiverr.com/zmr00056ggf/give-you-300-asian-facebook-likes-in-15-hours</link>
      <description>I will give you 300 Asian Facebook likes in 15 hours.  Before order 
please make sure your facebook website is public . All facebook likes 
are from asia and you can order as much as you want. your password for 
facebook likes. No need to any admin access or password. &amp;nbsp;kindly order now. Thanks :) 

&lt;br&gt;&lt;br&gt;&lt;br&gt;&lt;br&gt;&lt;br/&gt;&lt;img alt="zmr00056ggf I will give you 300 Asian Facebook likes in 15 hours for $5 on fiverr.com" src="http://cdn0.fiverrcdn.com/photos/2226516/small/asian-countries-flags-set-icons-31688820.jpg?1382474421" /&gt;</description>
      <rating>0</rating>
      <votes>0</votes>
      <days_on_average></days_on_average>
      <orders_in_queue>0</orders_in_queue>
    </item>
    <item>
      <title>graphics_king will give you WSO Graphics for Warrior Forrum for $5</title>
      <guid>http://fiverr.com/graphics_king/give-you-wso-graphics-for-warrior-forrum</guid>
      <pubDate>Wed, 23 Oct 2013 04:40:07 +0800</pubDate>
      <link>http://fiverr.com/graphics_king/give-you-wso-graphics-for-warrior-forrum</link>
      <description>Hey there Graphics king here.&lt;br&gt;&lt;br&gt;Are you on the warrior Forrum, Do you want to create a WSO?&lt;br&gt;Well am here to make your work as easy as possible.&lt;br&gt;first I will provide all the materials you need to create a successful WSO.&lt;br&gt;&lt;br&gt;You will be able to create highly converting WSO on the forrum which will help you quite a lot.&lt;br&gt;&lt;br&gt;Just order my gig and make your Launch a sucess.&lt;br/&gt;&lt;img alt="graphics_king I will give you WSO Graphics for Warrior Forrum for $5 on fiverr.com" src="http://cdn3.fiverrcdn.com/photos/2226513/small/wsooftheday9.jpg?1382474420" /&gt;</description>
      <rating>0</rating>
      <votes>0</votes>
      <days_on_average></days_on_average>
      <orders_in_queue>0</orders_in_queue>
    </item>
    <item>
      <title>anthonylloyd will review ANYTHING with a negative comment in 24 hours for $5</title>
      <guid>http://fiverr.com/anthonylloyd/review-anything-with-a-negative-comment-in-24-hours</guid>
      <pubDate>Wed, 23 Oct 2013 04:39:49 +0800</pubDate>
      <link>http://fiverr.com/anthonylloyd/review-anything-with-a-negative-comment-in-24-hours</link>
      <description>I will leave a negative review on the product, website, video, etc., of your your choice within 24 hours.&lt;br&gt;&lt;br&gt;If you have specific keywords, include those too!&lt;br/&gt;&lt;img alt="anthonylloyd I will review ANYTHING with a negative comment in 24 hours for $5 on fiverr.com" src="http://cdn3.fiverrcdn.com/photos/2226512/small/ebook.jpg?1382474391" /&gt;</description>
      <rating>0</rating>
      <votes>0</votes>
      <days_on_average></days_on_average>
      <orders_in_queue>0</orders_in_queue>
    </item>
    <item>
      <title>samiarc will do your Math home work for $5</title>
      <guid>http://fiverr.com/samiarc/do-your-math-home-work</guid>
      <pubDate>Wed, 23 Oct 2013 04:39:33 +0800</pubDate>
      <link>http://fiverr.com/samiarc/do-your-math-home-work</link>
      <description>&lt;p&gt;I have a
Bachelor of Science in Actuarial Science and a Masters in Statistics. I have a
passion for mathematics and have tutoring experience of more than 6 years. For
$5 per page with maximum of&amp;nbsp;5 questions per page, I will do you home work
for the following subjects: algebra, geometry, trigonometry, pre-calculus,
Calculus I, probability, statistics, permutations and combinations, SAT, GMAT,
GRE and many other math subjects. If the assignment is a difficult one for me,
I will let you know that in the shortest time possible. I will send solutions
for your math homework and assignment within a day or two.&amp;nbsp;If you need a
copy of&amp;nbsp;detail explanation I will do that for extra gig.&lt;/p&gt;&lt;br/&gt;&lt;img alt="samiarc I will do your Math home work for $5 on fiverr.com" src="http://cdn1.fiverrcdn.com/photos/2226511/small/money_back_guarantee_1.jpg?1382474379" /&gt;</description>
      <rating>0</rating>
      <votes>0</votes>
      <days_on_average></days_on_average>
      <orders_in_queue>0</orders_in_queue>
    </item>
    <item>
      <title>evolutionwise will teach You Astonishing PROVEN Key Secret Profit Increase The Expert Facebook Way for $5</title>
      <guid>http://fiverr.com/evolutionwise/teach-you-astonishing-proven-key-secret-profit-increase-the-expert-facebook-way</guid>
      <pubDate>Wed, 23 Oct 2013 04:39:14 +0800</pubDate>
      <link>http://fiverr.com/evolutionwise/teach-you-astonishing-proven-key-secret-profit-increase-the-expert-facebook-way</link>
      <description>Making amazing money profit with FACEBOOK is so, so easy when you order this gig. within 24 hours, you get very astonishing power to increase your profit by learning from the experts and masters in this terrain. &lt;br&gt;&lt;br&gt;order now to stop wasteful unproductive gestures from other &amp;nbsp;facebook methods to grow your income massively now.&lt;br&gt;expecting your order, only on Fiverr.&lt;br/&gt;&lt;img alt="evolutionwise I will teach You Astonishing PROVEN Key Secret Profit Increase The Expert Facebook Way for $5 on fiverr.com" src="http://cdn0.fiverrcdn.com/photos/2226510/small/FACEBOOK_TRAFFICSOCIAL_MEDIA_ORGANIC_TRAFFIC_UNLIMITED_VISITORSCHEAPQUALITYSEOREAL_HUMANMASSIVE_TRAFFIC_RESPONSIVE_TRAFFIC_LISTBUILDING_12.jpg?1382474357" /&gt;</description>
      <rating>0</rating>
      <votes>0</votes>
      <days_on_average></days_on_average>
      <orders_in_queue>0</orders_in_queue>
    </item>
    <item>
      <title>supergraphics65 will create beautiful and sharp brand LOGO for you for $5</title>
      <guid>http://fiverr.com/supergraphics65/create-beautiful-and-sharp-brand-logo-for-you</guid>
      <pubDate>Wed, 23 Oct 2013 04:38:58 +0800</pubDate>
      <link>http://fiverr.com/supergraphics65/create-beautiful-and-sharp-brand-logo-for-you</link>
      <description>&amp;nbsp; &amp;nbsp;&lt;u&gt; &amp;nbsp;UNIQUE LOGO DESIGN SERVICE WITH CORE GRAPHIC TECHNIQUES&lt;/u&gt;&lt;br&gt;&lt;br&gt;&amp;nbsp; &amp;nbsp; &amp;nbsp; &amp;nbsp; &amp;nbsp; &amp;nbsp;I am here to serve you with quality work in a reasonable price.i am very &amp;nbsp; &amp;nbsp; &amp;nbsp; &amp;nbsp; &amp;nbsp; &amp;nbsp; interested in logo designing first i learn it and now i am working on fiverr 4 years ago. i am very professional and faithful with my work.i will design every type of logo for your business/blog/website.&lt;br&gt;&lt;b&gt;service you:&lt;/b&gt;&lt;br&gt;&lt;ul&gt;&lt;li&gt;unique design&lt;/li&gt;&lt;li&gt;very high quality work&lt;/li&gt;&lt;li&gt;fast delivery&lt;/li&gt;&lt;li&gt;unlimited revisions&lt;/li&gt;&lt;li&gt;files in editable formats&lt;/li&gt;&lt;li&gt;free PNG,JPEG,AI files&amp;nbsp;&lt;/li&gt;&lt;li&gt;100% money back guarantee&lt;/li&gt;&lt;/ul&gt;&lt;h4&gt;&amp;nbsp; &amp;nbsp; &amp;nbsp; &amp;nbsp; &amp;nbsp; &amp;nbsp; &amp;nbsp; &amp;nbsp; &amp;nbsp; &amp;nbsp; &amp;nbsp; &amp;nbsp; &amp;nbsp; &amp;nbsp; &amp;nbsp; &amp;nbsp; &amp;nbsp; &amp;nbsp; &amp;nbsp; &amp;nbsp; &amp;nbsp; &amp;nbsp; &amp;nbsp; &amp;nbsp; &amp;nbsp; &amp;nbsp;&lt;u&gt; &amp;nbsp;order now and you will be amazed!&lt;/u&gt;&lt;/h4&gt;&lt;br/&gt;&lt;img alt="supergraphics65 I will create beautiful and sharp brand LOGO for you for $5 on fiverr.com" src="http://cdn0.fiverrcdn.com/photos/2226509/small/happy-meal.jpg?1382474522" /&gt;</description>
      <rating>0</rating>
      <votes>0</votes>
      <days_on_average></days_on_average>
      <orders_in_queue>1</orders_in_queue>
    </item>
    <item>
      <title>seo_topper will provide 50k first Youtube views along with Likes for $5</title>
      <guid>http://fiverr.com/seo_topper/provide-50k-first-youtube-views-along-with-likes</guid>
      <pubDate>Wed, 23 Oct 2013 04:37:42 +0800</pubDate>
      <link>http://fiverr.com/seo_topper/provide-50k-first-youtube-views-along-with-likes</link>
      <description>&lt;b&gt;I will get you 50000+ fast youtube visitors along with 30 likes.&lt;/b&gt;&lt;br&gt;&lt;b&gt;100% safe, genuine and satisfaction guaranteed.&lt;/b&gt;&lt;br&gt;&lt;b&gt;We don't use any kind of bot or proxy. There are no chance to get any penalty from youtube because we follow all the terms and condition.&lt;/b&gt;&lt;br&gt;&lt;b&gt;This is the best offer in fiverr.&lt;/b&gt;&lt;br&gt;&lt;b&gt;50k views with 30 likes.&lt;/b&gt;&lt;br&gt;&lt;b&gt;Try it once i'm sure you will be back for more.&lt;/b&gt;&lt;br&gt;&lt;br&gt;&lt;br&gt;&lt;br/&gt;&lt;img alt="seo_topper I will provide 50k first Youtube views along with Likes for $5 on fiverr.com" src="http://cdn2.fiverrcdn.com/photos/2226508/small/uki5.jpg?1382474267" /&gt;</description>
      <rating>0</rating>
      <votes>0</votes>
      <days_on_average></days_on_average>
      <orders_in_queue>0</orders_in_queue>
    </item>
    <item>
      <title>zmr00056ggf will send 160 Spain Facebook Likes, Fans within 12 hours for $5</title>
      <guid>http://fiverr.com/zmr00056ggf/send-160-spain-facebook-likes-fans-within-12-hours</guid>
      <pubDate>Wed, 23 Oct 2013 04:36:36 +0800</pubDate>
      <link>http://fiverr.com/zmr00056ggf/send-160-spain-facebook-likes-fans-within-12-hours</link>
      <description>I will send 160 Spain Facebook Likes, Fans within 12 hours. My delivered human Likes are safe. I promise be sure on my time. 
facebook l1kes are delivered within 12 hours. Obtain now and be 
recognized . Control Marketing. advertising life social. Have 100% guarantee of quality job &amp;amp; quick delivery. I work honestly . Kindly order now. 
                                    &lt;br&gt;&lt;br&gt;&lt;br&gt;&lt;br&gt;&lt;br/&gt;&lt;img alt="zmr00056ggf I will send 160 Spain Facebook Likes, Fans within 12 hours for $5 on fiverr.com" src="http://cdn2.fiverrcdn.com/photos/2226507/small/7854382-orb-spain-flag.jpg?1382474200" /&gt;</description>
      <rating>0</rating>
      <votes>0</votes>
      <days_on_average></days_on_average>
      <orders_in_queue>0</orders_in_queue>
    </item>
    <item>
      <title>morben16 will make your phone looks amazing for $5</title>
      <guid>http://fiverr.com/morben16/make-your-phone-looks-amazing</guid>
      <pubDate>Wed, 23 Oct 2013 04:35:59 +0800</pubDate>
      <link>http://fiverr.com/morben16/make-your-phone-looks-amazing</link>
      <description>do your phone amazing like you never see before you can choose from a lot of themes like gta v, breaking bad, super mario, the simpsons , iphone ios. and alot more&lt;br&gt;&lt;br/&gt;&lt;img alt="morben16 I will make your phone looks amazing for $5 on fiverr.com" src="http://cdn1.fiverrcdn.com/photos/2226504/small/Screenshot_2013-10-22-23-24-35.jpg?1382474210" /&gt;</description>
      <rating>0</rating>
      <votes>0</votes>
      <days_on_average></days_on_average>
      <orders_in_queue>0</orders_in_queue>
    </item>
    <item>
      <title>adduzz will provide You 20 High Quality Niche Relevant Blog Comments Backlinks with Low OBL for $5</title>
      <guid>http://fiverr.com/adduzz/provide-you-20-high-quality-niche-relevant-blog-comments-backlinks-with-low-obl</guid>
      <pubDate>Wed, 23 Oct 2013 04:34:52 +0800</pubDate>
      <link>http://fiverr.com/adduzz/provide-you-20-high-quality-niche-relevant-blog-comments-backlinks-with-low-obl</link>
      <description>&lt;h3&gt;&lt;b&gt;&lt;u&gt;Prefect Niche Relevant Backlinks Service!!!&lt;/u&gt;&lt;/b&gt; &lt;/h3&gt;&lt;br&gt;i will do 20 High Quality Niche Relevant Blog Comments Backlinks just for $5. All Comments will be made manually. &lt;br&gt;&lt;br&gt;No use of any auto approved software's or tools. &lt;br&gt;No spammed comments. &lt;br&gt;All well indexed pages variety of different domains,&amp;nbsp;&lt;br&gt;All BackLinks will be noFollow with LOW OBL.&lt;br&gt;100% SERP will be improved after using this service. &lt;br&gt;&lt;br&gt;&lt;b&gt;After completion i provide full detail with Excel report. &lt;/b&gt;&lt;br&gt;&lt;br&gt;Our Services are very Cheapest and Affordable over the internet So Don't miss this chance and Get traffic to your website with our Cheapest services.&lt;br&gt;&lt;br&gt;&lt;u&gt;(Note: unlimited urls and keywords are accepting and all niche are accepting)&lt;/u&gt;&lt;br/&gt;&lt;img alt="adduzz I will provide You 20 High Quality Niche Relevant Blog Comments Backlinks with Low OBL for $5 on fiverr.com" src="http://cdn1.fiverrcdn.com/photos/2226501/small/niche-related.jpg?1382474098" /&gt;</description>
      <rating>0</rating>
      <votes>0</votes>
      <days_on_average></days_on_average>
      <orders_in_queue>0</orders_in_queue>
    </item>
    <item>
      <title>homjung will give You 200 Naturally Facebook Fan Page LIKE for $5</title>
      <guid>http://fiverr.com/homjung/give-you-200-naturally-facebook-fanpage-like</guid>
      <pubDate>Wed, 23 Oct 2013 04:34:10 +0800</pubDate>
      <link>http://fiverr.com/homjung/give-you-200-naturally-facebook-fanpage-like</link>
      <description>&lt;h3&gt;200 ❤.Facebook Like.❤ Fan Page ❤&lt;/h3&gt;&lt;ul&gt;&lt;li&gt;It goes naturally&amp;nbsp;&lt;/li&gt;&lt;li&gt;I do&amp;nbsp;slowly in 3-5 days. (goes naturally)&lt;/li&gt;&lt;li&gt;I can&amp;nbsp;specific countries ( If you want)&lt;/li&gt;&lt;/ul&gt;&lt;ul&gt;&lt;li&gt;I give Real Human Account&amp;nbsp;&lt;b&gt;not Bot&lt;/b&gt;&lt;/li&gt;&lt;/ul&gt;&lt;ul&gt;&lt;li&gt;Deliver in Just time&lt;/li&gt;&lt;li&gt;100% Safe Guaranteed (Not Ban from Facebook)&lt;br&gt;&lt;/li&gt;&lt;li&gt;Order Now I give you 200++&lt;/li&gt;&lt;/ul&gt;&lt;br&gt;You can ask me any question, I love to answer all question.&lt;br/&gt;&lt;img alt="homjung I will give You 200 Naturally Facebook Fan Page LIKE for $5 on fiverr.com" src="http://cdn3.fiverrcdn.com/photos/2226499/small/like2.jpg?1382474067" /&gt;</description>
      <rating>0</rating>
      <votes>0</votes>
      <days_on_average></days_on_average>
      <orders_in_queue>0</orders_in_queue>
    </item>
  </channel>
</rss>
